{"(A,B,C) __January__": {"daset": [4213, 65, 79.75, 20.25], "stats": [["0", 0.95, 0.9, 0.74, 0.92, 0.82, 0.68, 880], ["1", 0.6, 0.74, 0.9, 0.66, 0.82, 0.65, 174], ["avg / total", 0.89, 0.88, 0.76, 0.88, 0.82, 0.67, ""], ["test accuracy", "", "", "", 0.88, "", "", ""], ["train accuracy", "", "", "", 0.88, "", "", ""]]}, "_Jan_ A": {"daset": [581, 65, 51.459999999999994, 48.54], "stats": [["0", 0.7, 0.75, 0.73, 0.72, 0.74, 0.55, 67], ["1", 0.77, 0.73, 0.75, 0.75, 0.74, 0.55, 79], ["avg / total", 0.74, 0.74, 0.74, 0.74, 0.74, 0.55, ""], ["test accuracy", "", "", "", 0.74, "", "", ""], ["train accuracy", "", "", "", 0.81, "", "", ""]]}, "_Jan_ B": {"daset": [552, 65, 90.94, 9.06], "stats": [["0", 0.94, 0.96, 0.53, 0.95, 0.72, 0.53, 124], ["1", 0.62, 0.53, 0.96, 0.57, 0.72, 0.49, 15], ["avg / total", 0.91, 0.91, 0.58, 0.91, 0.72, 0.53, ""], ["test accuracy", "", "", "", 0.91, "", "", ""], ["train accuracy", "", "", "", 0.98, "", "", ""]]}, "_Jan_ C": {"daset": [3079, 65, 83.66, 16.34], "stats": [["0", 0.96, 0.89, 0.67, 0.93, 0.77, 0.61, 692], ["1", 0.41, 0.67, 0.89, 0.51, 0.77, 0.58, 78], ["avg / total", 0.9, 0.87, 0.69, 0.88, 0.77, 0.61, ""], ["test accuracy", "", "", "", 0.87, "", "", ""], ["train accuracy", "", "", "", 0.89, "", "", ""]]}, "(A,B,C) __February__": {"daset": [3383, 65, 79.07, 20.93], "stats": [["0", 0.95, 0.88, 0.73, 0.91, 0.8, 0.65, 722], ["1", 0.51, 0.73, 0.88, 0.6, 0.8, 0.63, 124], ["avg / total", 0.88, 0.86, 0.75, 0.87, 0.8, 0.65, ""], ["test accuracy", "", "", "", 0.86, "", "", ""], ["train accuracy", "", "", "", 0.88, "", "", ""]]}, "_Feb_ A": {"daset": [447, 65, 50.78, 49.220000000000006], "stats": [["0", 0.82, 0.73, 0.79, 0.78, 0.76, 0.58, 64], ["1", 0.69, 0.79, 0.73, 0.74, 0.76, 0.58, 48], ["avg / total", 0.77, 0.76, 0.77, 0.76, 0.76, 0.58, ""], ["test accuracy", "", "", "", 0.76, "", "", ""], ["train accuracy", "", "", "", 0.84, "", "", ""]]}, "_Feb_ B": {"daset": [454, 65, 90.53, 9.47], "stats": [["0", 0.99, 0.94, 0.83, 0.97, 0.89, 0.8, 108], ["1", 0.45, 0.83, 0.94, 0.59, 0.89, 0.78, 6], ["avg / total", 0.96, 0.94, 0.84, 0.95, 0.89, 0.79, ""], ["test accuracy", "", "", "", 0.94, "", "", ""], ["train accuracy", "", "", "", 0.99, "", "", ""]]}, "_Feb_ C": {"daset": [2481, 65, 82.06, 17.94], "stats": [["0", 0.96, 0.9, 0.72, 0.93, 0.8, 0.66, 543], ["1", 0.5, 0.72, 0.9, 0.59, 0.8, 0.63, 78], ["avg / total", 0.9, 0.88, 0.74, 0.88, 0.8, 0.65, ""], ["test accuracy", "", "", "", 0.88, "", "", ""], ["train accuracy", "", "", "", 0.88, "", "", ""]]}, "(A,B,C) __March__": {"daset": [4139, 65, 78.09, 21.91], "stats": [["0", 0.94, 0.91, 0.77, 0.92, 0.83, 0.7, 842], ["1", 0.65, 0.77, 0.91, 0.7, 0.83, 0.69, 193], ["avg / total", 0.89, 0.88, 0.79, 0.88, 0.83, 0.7, ""], ["test accuracy", "", "", "", 0.88, "", "", ""], ["train accuracy", "", "", "", 0.87, "", "", ""]]}, "_Mar_ A": {"daset": [555, 65, 57.84, 42.16], "stats": [["0", 0.84, 0.74, 0.73, 0.79, 0.74, 0.55, 90], ["1", 0.61, 0.73, 0.74, 0.67, 0.74, 0.55, 49], ["avg / total", 0.76, 0.74, 0.74, 0.75, 0.74, 0.55, ""], ["test accuracy", "", "", "", 0.74, "", "", ""], ["train accuracy", "", "", "", 0.85, "", "", ""]]}, "_Mar_ B": {"daset": [547, 65, 91.96, 8.04], "stats": [["0", 0.97, 0.95, 0.56, 0.96, 0.73, 0.55, 128], ["1", 0.45, 0.56, 0.95, 0.5, 0.73, 0.51, 9], ["avg / total", 0.93, 0.93, 0.58, 0.93, 0.73, 0.55, ""], ["test accuracy", "", "", "", 0.93, "", "", ""], ["train accuracy", "", "", "", 0.97, "", "", ""]]}, "_Mar_ C": {"daset": [3036, 65, 79.28, 20.72], "stats": [["0", 0.96, 0.89, 0.77, 0.92, 0.83, 0.69, 652], ["1", 0.53, 0.77, 0.89, 0.63, 0.83, 0.67, 108], ["avg / total", 0.9, 0.87, 0.79, 0.88, 0.83, 0.69, ""], ["test accuracy", "", "", "", 0.87, "", "", ""], ["train accuracy", "", "", "", 0.87, "", "", ""]]}, "(A,B,C) __April__": {"daset": [3537, 65, 78.25999999999999, 21.740000000000002], "stats": [["0", 0.94, 0.89, 0.73, 0.91, 0.81, 0.66, 733], ["1", 0.58, 0.73, 0.89, 0.65, 0.81, 0.64, 152], ["avg / total", 0.88, 0.86, 0.76, 0.87, 0.81, 0.66, ""], ["test accuracy", "", "", "", 0.86, "", "", ""], ["train accuracy", "", "", "", 0.86, "", "", ""]]}, "_Apr_ A": {"daset": [493, 65, 74.65, 25.35], "stats": [["0", 0.92, 0.87, 0.73, 0.89, 0.8, 0.64, 98], ["1", 0.59, 0.73, 0.87, 0.66, 0.8, 0.63, 26], ["avg / total", 0.85, 0.84, 0.76, 0.84, 0.8, 0.64, ""], ["test accuracy", "", "", "", 0.84, "", "", ""], ["train accuracy", "", "", "", 0.91, "", "", ""]]}, "_Apr_ B": {"daset": [450, 65, 90.67, 9.33], "stats": [["0", 0.98, 0.94, 0.67, 0.96, 0.79, 0.65, 107], ["1", 0.4, 0.67, 0.94, 0.5, 0.79, 0.61, 6], ["avg / total", 0.95, 0.93, 0.68, 0.94, 0.79, 0.64, ""], ["test accuracy", "", "", "", 0.93, "", "", ""], ["train accuracy", "", "", "", 0.99, "", "", ""]]}, "_Apr_ C": {"daset": [2593, 65, 76.82, 23.18], "stats": [["0", 0.94, 0.87, 0.72, 0.9, 0.79, 0.64, 534], ["1", 0.55, 0.72, 0.87, 0.62, 0.79, 0.62, 115], ["avg / total", 0.87, 0.85, 0.75, 0.85, 0.79, 0.64, ""], ["test accuracy", "", "", "", 0.85, "", "", ""], ["train accuracy", "", "", "", 0.85, "", "", ""]]}, "(A,B,C) __May__": {"daset": [3916, 65, 76.89, 23.11], "stats": [["0", 0.94, 0.87, 0.72, 0.9, 0.8, 0.64, 806], ["1", 0.56, 0.72, 0.87, 0.63, 0.8, 0.62, 174], ["avg / total", 0.87, 0.85, 0.75, 0.86, 0.8, 0.64, ""], ["test accuracy", "", "", "", 0.85, "", "", ""], ["train accuracy", "", "", "", 0.85, "", "", ""]]}, "_May_ A": {"daset": [553, 65, 85.17, 14.829999999999998], "stats": [["0", 0.96, 0.93, 0.71, 0.95, 0.81, 0.67, 122], ["1", 0.6, 0.71, 0.93, 0.65, 0.81, 0.64, 17], ["avg / total", 0.91, 0.91, 0.73, 0.91, 0.81, 0.67, ""], ["test accuracy", "", "", "", 0.91, "", "", ""], ["train accuracy", "", "", "", 0.92, "", "", ""]]}, "_May_ B": {"daset": [497, 65, 88.53, 11.469999999999999], "stats": [["0", 0.97, 0.96, 0.75, 0.96, 0.85, 0.73, 113], ["1", 0.64, 0.75, 0.96, 0.69, 0.85, 0.7, 12], ["avg / total", 0.94, 0.94, 0.77, 0.94, 0.85, 0.73, ""], ["test accuracy", "", "", "", 0.94, "", "", ""], ["train accuracy", "", "", "", 0.95, "", "", ""]]}, "_May_ C": {"daset": [2865, 65, 73.22999999999999, 26.77], "stats": [["0", 0.92, 0.87, 0.75, 0.9, 0.81, 0.66, 558], ["1", 0.62, 0.75, 0.87, 0.68, 0.81, 0.64, 159], ["avg / total", 0.86, 0.84, 0.78, 0.85, 0.81, 0.65, ""], ["test accuracy", "", "", "", 0.84, "", "", ""], ["train accuracy", "", "", "", 0.83, "", "", ""]]}, "(A,B,C) __June__": {"daset": [3652, 65, 75.08, 24.92], "stats": [["0", 0.94, 0.88, 0.76, 0.91, 0.82, 0.68, 727], ["1", 0.63, 0.76, 0.88, 0.69, 0.82, 0.67, 186], ["avg / total", 0.87, 0.86, 0.79, 0.86, 0.82, 0.68, ""], ["test accuracy", "", "", "", 0.86, "", "", ""], ["train accuracy", "", "", "", 0.85, "", "", ""]]}, "_Jun_ A": {"daset": [513, 65, 91.62, 8.38], "stats": [["0", 1.0, 0.95, 1.0, 0.98, 0.98, 0.95, 124], ["1", 0.45, 1.0, 0.95, 0.62, 0.98, 0.96, 5], ["avg / total", 0.98, 0.95, 1.0, 0.96, 0.98, 0.95, ""], ["test accuracy", "", "", "", 0.95, "", "", ""], ["train accuracy", "", "", "", 0.95, "", "", ""]]}, "_Jun_ B": {"daset": [452, 65, 91.59, 8.41], "stats": [["0", 0.99, 0.94, 0.8, 0.97, 0.87, 0.77, 108], ["1", 0.4, 0.8, 0.94, 0.53, 0.87, 0.74, 5], ["avg / total", 0.96, 0.94, 0.81, 0.95, 0.87, 0.77, ""], ["test accuracy", "", "", "", 0.94, "", "", ""], ["train accuracy", "", "", "", 0.97, "", "", ""]]}, "_Jun_ C": {"daset": [2686, 65, 69.17, 30.830000000000002], "stats": [["0", 0.89, 0.86, 0.73, 0.87, 0.79, 0.63, 484], ["1", 0.66, 0.73, 0.86, 0.69, 0.79, 0.62, 188], ["avg / total", 0.83, 0.82, 0.76, 0.82, 0.79, 0.63, ""], ["test accuracy", "", "", "", 0.82, "", "", ""], ["train accuracy", "", "", "", 0.83, "", "", ""]]}, "(A,B,C) __July__": {"daset": [3767, 65, 75.74, 24.26], "stats": [["0", 0.93, 0.87, 0.72, 0.9, 0.79, 0.64, 766], ["1", 0.56, 0.72, 0.87, 0.63, 0.79, 0.62, 176], ["avg / total", 0.86, 0.84, 0.75, 0.85, 0.79, 0.63, ""], ["test accuracy", "", "", "", 0.84, "", "", ""], ["train accuracy", "", "", "", 0.85, "", "", ""]]}, "_Jul_ A": {"daset": [549, 63, 93.81, 6.1899999999999995],